{"cameraMode":{"drawMode":0,"name":"Shaded","section":"Shading Mode"},"sceneLighting":true,"audioPlay":false,"sceneViewState":{"m_AlwaysRefresh":false,"showFog":true,"showSkybox":true,"showFlares":true,"showImageEffects":true,"showParticleSystems":true,"showVisualEffectGraphs":true,"m_FxEnabled":true},"in2DMode":false,"pivot":{"x":-9.782561302185059,"y":5.7934346199035648,"z":90.64381408691406},"rotation":{"x":0.04931492730975151,"y":0.08141148090362549,"z":-0.004033385310322046,"w":0.9954472780227661},"size":647.3021240234375,"orthographic":false}